iteration,epoch,loss,lr
1,1,1.4672237634658813,3.9999999999999996e-05
2,1,1.5058600902557373,4.001868995142928e-05
3,1,1.4636974334716797,4.0074758350240754e-05
